-- MySQL dump 10.13  Distrib 5.7.30, for Linux (x86_64)
--
-- Host: localhost    Database: tw
-- ------------------------------------------------------
-- Server version	5.7.30-0ubuntu0.18.04.1

/*!40101 SET @OLD_CHARACTER_SET_CLIENT=@@CHARACTER_SET_CLIENT */;
/*!40101 SET @OLD_CHARACTER_SET_RESULTS=@@CHARACTER_SET_RESULTS */;
/*!40101 SET @OLD_COLLATION_CONNECTION=@@COLLATION_CONNECTION */;
/*!40101 SET NAMES utf8 */;
/*!40103 SET @OLD_TIME_ZONE=@@TIME_ZONE */;
/*!40103 SET TIME_ZONE='+00:00' */;
/*!40014 SET @OLD_UNIQUE_CHECKS=@@UNIQUE_CHECKS, UNIQUE_CHECKS=0 */;
/*!40014 SET @OLD_FOREIGN_KEY_CHECKS=@@FOREIGN_KEY_CHECKS, FOREIGN_KEY_CHECKS=0 */;
/*!40101 SET @OLD_SQL_MODE=@@SQL_MODE, SQL_MODE='NO_AUTO_VALUE_ON_ZERO' */;
/*!40111 SET @OLD_SQL_NOTES=@@SQL_NOTES, SQL_NOTES=0 */;

--
-- Table structure for table `usuarios`
--

DROP TABLE IF EXISTS `usuarios`;
/*!40101 SET @saved_cs_client     = @@character_set_client */;
/*!40101 SET character_set_client = utf8 */;
CREATE TABLE `usuarios` (
  `id` int(10) unsigned NOT NULL AUTO_INCREMENT,
  `nombre` varchar(200) NOT NULL,
  `apellidos` varchar(300) DEFAULT NULL,
  `email` varchar(200) NOT NULL,
  `foto` varchar(300) DEFAULT NULL,
  `password` char(60) DEFAULT NULL,
  `tipo` varchar(100) DEFAULT NULL,
  PRIMARY KEY (`id`)
) ENGINE=InnoDB AUTO_INCREMENT=5 DEFAULT CHARSET=latin1;
/*!40101 SET character_set_client = @saved_cs_client */;

--
-- Dumping data for table `usuarios`
--

LOCK TABLES `usuarios` WRITE;
/*!40000 ALTER TABLE `usuarios` DISABLE KEYS */;
INSERT INTO `usuarios` VALUES (1,'v','vv','v@gmail.com','View/img/5ed9814d5808f5.51021788.jpg','$2y$10$7kbqrbYMbZQ8DwkVo6ztWeATKz8AETN96hm2JhDL77wHLKq4sBG1e','colaborador'),(2,'Victor','Peralta','victor@gmail.com','View/img/5eda42bf7176c2.16338914.jpeg','$2y$10$39VWEySGRCdcfDbsgcLzJeYuUroEFdRzPz55ysw.l7BiYCeq4.qcG','colaborador'),(4,'Fran','Heredia','fran@gmail.com','View/img/5edae694ce4232.90457389.jpeg','$2y$10$ytBQx6YSuslsWLzru1XQiewUr/uPNqi.1MCQTn4j/5nPGVG1LWKrm','colaborador');
/*!40000 ALTER TABLE `usuarios` ENABLE KEYS */;
UNLOCK TABLES;

--
-- Table structure for table `recetas`
--

DROP TABLE IF EXISTS `recetas`;
/*!40101 SET @saved_cs_client     = @@character_set_client */;
/*!40101 SET character_set_client = utf8 */;
CREATE TABLE `recetas` (
  `id` int(10) unsigned NOT NULL AUTO_INCREMENT,
  `idautor` int(11) DEFAULT NULL,
  `nombre` varchar(200) DEFAULT NULL,
  `descripcion` text,
  `ingredientes` text,
  `preparacion` text,
  `imagen` varchar(300) DEFAULT NULL,
  PRIMARY KEY (`id`)
) ENGINE=InnoDB AUTO_INCREMENT=19 DEFAULT CHARSET=latin1;
/*!40101 SET character_set_client = @saved_cs_client */;

--
-- Dumping data for table `recetas`
--

LOCK TABLES `recetas` WRITE;
/*!40000 ALTER TABLE `recetas` DISABLE KEYS */;
INSERT INTO `recetas` VALUES (2,2,'Fish & Chips','Que se haya terminado la Navidad y que nos hayamos hecho el propósito de comer más sano y demás tampoco significa que hayan llegado Los Juegos del Hambre y si el chef Jamie Oliver, que siempre nos da consejos para comer mejor y más sano, nos propone en su web una auténtica receta británica para preparar Fish and Chips, nosotros encantados de prepararla y compartirla con todos vosotros. Es uno de los rebozados que mejor resultado dan para freír pescados blancos, porque quedan crujientes por fuera, jugosos por dentro y apenas absorben aceite. Lo habitual es acompañarlos con una crema de guisantes con menta, pero también valen unos guisantes cocidos con nuestra salsa favorita como puede ser una holandesa.\r\n\r\n','Harina de trigo, 225 g y un poco más para enharinar el pescado#\r\nCerveza muy fría, 285 ml#\r\nPatatas para freír#\r\n1 mediana por persona#\r\nAceite para freír#\r\nSal','En un bol ponemos la cerveza bien fría. Aparte mezclamos la harina con la levadura tipo Royal y vamos tamizando la mezcla sobre la cerveza a la vez que batimos con unas varillas manuales. El objetivo es conseguir una papilla con la consistencia que veis en las imágenes.#\r\n\r\nSecamos bien los trozos de pescado con papel absorbente -este paso es importante sobre todo si usamos pescado que acabamos de descongelar-, los salamos al gusto y los pasamos por harina de trigo sacudiendo el exceso, con esto conseguiremos que el rebozado no se escurra.#\r\n\r\nPonemos a calentar abundante aceite en una sartén honda a fuego medio alto y no empezaremos a freír nuestros trozos de pescado hasta que el aceite esté caliente pero sin llegar a humear. Sabremos que está a la temperatura correcta si dejamos caer una cucharadita del rebozado e inmediatamente se forman burbujas alrededor.#\r\n\r\nCuando el aceite esté listo, pasamos los trozos de pescado enharinados por el rebozado y los vamos colocando con cuidado en el aceite para evitar salpicaduras. Los freímos durante unos 3 – 4 minutos por cada lado, dependiendo del grosor de los filetes, hasta que estén dorados.#\r\n\r\nSegún estén, los vamos sacando del aceite y los dejamos escurrir sobre una rejilla o un colador, ya que si los ponemos sobre papel quedarán menos crujientes.#\r\n\r\nServimos acompañados de patatas fritas, guisantes cocidos y salsa holandesa que podemos aromatizar con algunas especias.#\r\n\r\n','View/img/5ee107869b5934.46548586.jpg'),(3,2,'Pollo al salmorejo','El pollo al salmorejo es una receta fantástica, típica de las Islas Canarias, para incluir este tipo de carne en nuestra dieta, pues es una receta sencilla, fácil y con tan solo media hora de cocción\r\n\r\n','1 pollo (o cuatro contramuslos)#\r\n6 dientes de ajo#\r\n1 cucharadita de comino molido#\r\n1 cucharadita de orégano seco#\r\n1 cucharadita de tomillo molido#\r\n1 rama de perejil#\r\n2 vasos de vino blanco#\r\n1 vaso pequeño de vinagre#\r\n1 chorro de aceite de oliva#\r\n2 hojas de laurel#\r\n1 pizca de sal#\r\n1 pizca de pimienta negra recién molida\r\n','Trocea el pollo en en 8 partes. Si has optado por utilizar 4 contramuslos de pollo, pártelos igualmente en dos. Añade sal y pimienta al gusto por las dos caras.#\r\n\r\nPela los dientes de ajo y añádelos al vaso de la batidora junto con el comino, el tomillo, el orégano, las hojas de la rama de perejil, el vasito pequeño de vinagre y un vaso de vino blanco (unos 200 ml). Tritura con la batidora estos ingredientes.#\r\n\r\nEmbadurna con la mezcla obtenida los trozos de pollo. Pon el pollo en una fuente y riégalo con el resto de la mezcla de vino y especias. Cubre el recipiente con papel film y resérvalo en la nevera durante, al menos, 4 horas o, mejor aún, toda una noche. De esta forma, el pollo al salmorejo quedará más sabroso.#\r\n\r\nPasado el tiempo de reposo, pon en una olla amplia un chorrito de aceite de oliva y caliéntalo a fuego fuerte. Saca los trozos de pollo del macerado (guarda el líquido resultante) y dora en el aceite los trozos de pollo por ambos lados.#\r\n\r\nCuando estén doraditos, añade el líquido de maceración e incorpora un vaso más de vino blanco. Rasca el fondo de la olla con una cuchara para que los jugos de dorar el pollo se impregnen en la salsa. Tapa y cuece el pollo al salmorejo a fuego suave durante 30-35 minutos.#\r\n\r\nRetira la cazuela del fuego y deja reposar la preparación tapada durante unos minutos. Sirve el pollo al salmorejo caliente.#\r\n\r\n','View/img/5ee117d71ed266.00533634.jpg'),(4,1,'Ensalada de espinacas y mango','Receta de Karlos Arguiñano de ensalada de espinacas, mango, piñones tostados y aliño de zumo de limón, un plato sencillo y rápido de elaborar, apto para vegetarianos y veganos.\r\n\r\n','125 g de espinacas baby#\r\n1 mango#\r\n30 g de piñones#\r\naceite de oliva virgen extra#\r\n1/2 limón#\r\nsal Maldon ahumada\r\n','Lava y seca las espinacas. Colócalas en una fuente grande.#\r\n\r\nPela y corta el mango en gajos y añádelos.#\r\n\r\nTuesta los piñones y espolvorea la ensalada. Sazona.#\r\n\r\nExprime el limón y pon el zumo en un bol. Agrega el aceite y bate bien. Aliña la ensalada de espinacas y mango y sirve.\r\n\r\n','View/img/5ee11aac212864.00065606.jpg'),(5,1,'Brazo de gitano de merengue','Te encantará nuestra receta de brazo de gitano, por una parte está relleno de merengue y también de una crema que mezcla yogur griego con queso mascarpone, azúcar glas y frambuesas.\r\n\r\n','4 claras de huevo para el merengue#\r\n250 g azúcar para el merengue#\r\n1 cda vinagre de vino blanco para el merengue\r\n','Forra la placa con papel sulfurizado y dibuja en él un rectángulo de 30 x 20 cm. Monta las claras a velocidad máxima con varillas eléctricas. Añade el azúcar, poco a poco, sin dejar de batir hasta que las claras estén firmes y brillantes. Agrega el vinagre, la vainilla y la maicena, y vuelve a batir unos segundos más hasta que se incorporen del todo.#\r\n\r\nVierte esta preparación sobre el rectángulo dibujado en el papel de horno. Alisa la superficie con una espátula y espolvoréala con la almendra laminada, repartiéndola bien. Introduce la placa en el horno precalentado a 180º y deja cocer durante unos 15 minutos. Retira y deja enfriar unos 5 minutos.#\r\n\r\nDespega el merengue del papel con cuidado de no romperlo y dale la vuelta, de modo que las almendras queden por la parte exterior; resérvalo a temperatura ambiente. Para el relleno: mezcla el yogur con el queso y el azúcar glas hasta conseguir una preparación homogénea. Lava las frambuesas, sin dejarlas en remojo, y sécalas bien con papel de cocina.#\r\n\r\nUnta la mezcla de yogur y queso sobre el merengue, y distribuye las frambuesas por encima. Enrolla el merengue con mucho cuidado y ponlo en una fuente de servir. Decóralo con unas frambuesas, espolvoréalo con un poco de azúcar glas y sírvelo.\r\n\r\n','View/img/5ee14b880716e0.51185281.jpg'),(6,2,'titulo del libro','dwdwadwad','dwadawdawd','dwadwad',NULL),(7,2,'Madrid Sl','sswq','dqwdq','dwqd',NULL),(8,2,'Nuevo evento','dwadwad','dwadwa','dwa','View/img/5ee20435bc2e22.85631325.jpg'),(9,2,'dwadawdad','dwadwadwadwa daw pdkaw Pdwawo idmawo jdaow da\r\n dawipd jawodj awoidj awiodj aiowdj aoiwdj awod ','dwadawdawdawd','awddawdawdaw','View/img/5ee20538909254.60178880.jpg'),(10,2,'dwadwadagegreg','dwadwadawd','wdadawd','dwadawd','View/img/5ee2069561afe0.75777383.jpg'),(11,NULL,'dwadawdwadadawdwawdawdwa','dwadwgergwrthtrh','gtrwhrwthetyhe','tyhetyhetyh',NULL),(12,2,'42t4y4hwefreaf','wefewfwe','eqwd','dwqdwq','View/img/5ee20ab77e19b5.79346825.png'),(13,2,'ioqwjqwoidjqwoidjqoidjqwodijq','ddqwd','dwqdwq','dwqd','View/img/5ee20b4b16b950.64995850.jpg'),(14,2,'dwqdqwo123012940i1','1209312i309i109','90123i21903i103910','12903i21093i1','View/img/5ee20c4ece7763.65485243.jpg'),(15,2,'Madrid Sldwadawdadaw','dwadawdawdq','12e14124','32132','View/img/5ee2100ef1b7c7.44595156.jpg'),(16,2,'dwad3243543','e21321','321','321','View/img/5ee210fff3f5b7.85647938.jpg'),(17,2,'Fish & Chips','Que se haya terminado la Navidad y que nos hayamos hecho el propósito de comer más sano y demás tampoco significa que hayan llegado Los Juegos del Hambre y si el chef Jamie Oliver, que siempre nos da consejos para comer mejor y más sano, nos propone en su web una auténtica receta británica para preparar Fish and Chips, nosotros encantados de prepararla y compartirla con todos vosotros. Es uno de los rebozados que mejor resultado dan para freír pescados blancos, porque quedan crujientes por fuera, jugosos por dentro y apenas absorben aceite. Lo habitual es acompañarlos con una crema de guisantes con menta, pero también valen unos guisantes cocidos con nuestra salsa favorita como puede ser una holandesa.\n\n','Harina de trigo, 225 g y un poco más para enharinar el pescado#\nCerveza muy fría, 285 ml#\nPatatas para freír#\n1 mediana por persona#\nAceite para freír#\nSal\n','En un bol ponemos la cerveza bien fría. Aparte mezclamos la harina con la levadura tipo Royal y vamos tamizando la mezcla sobre la cerveza a la vez que batimos con unas varillas manuales. El objetivo es conseguir una papilla con la consistencia que veis en las imágenes.#\n\nSecamos bien los trozos de pescado con papel absorbente -este paso es importante sobre todo si usamos pescado que acabamos de descongelar-, los salamos al gusto y los pasamos por harina de trigo sacudiendo el exceso, con esto conseguiremos que el rebozado no se escurra.#\n\nPonemos a calentar abundante aceite en una sartén honda a fuego medio alto y no empezaremos a freír nuestros trozos de pescado hasta que el aceite esté caliente pero sin llegar a humear. Sabremos que está a la temperatura correcta si dejamos caer una cucharadita del rebozado e inmediatamente se forman burbujas alrededor.#\n\nCuando el aceite esté listo, pasamos los trozos de pescado enharinados por el rebozado y los vamos colocando con cuidado en el aceite para evitar salpicaduras. Los freímos durante unos 3 – 4 minutos por cada lado, dependiendo del grosor de los filetes, hasta que estén dorados.#\n\nSegún estén, los vamos sacando del aceite y los dejamos escurrir sobre una rejilla o un colador, ya que si los ponemos sobre papel quedarán menos crujientes.#\n\nServimos acompañados de patatas fritas, guisantes cocidos y salsa holandesa que podemos aromatizar con algunas especias.\n\n','View/img/5ee212059ce949.12213998.jpg'),(18,2,'iojwadiowjadiowajdoi','iowjqiodjqwwodij','oijdqwiojiodawjdo','ijdqowijoqw','View/img/5ee235903c71e4.30760549.png');
/*!40000 ALTER TABLE `recetas` ENABLE KEYS */;
UNLOCK TABLES;

--
-- Table structure for table `listacategorias`
--

DROP TABLE IF EXISTS `listacategorias`;
/*!40101 SET @saved_cs_client     = @@character_set_client */;
/*!40101 SET character_set_client = utf8 */;
CREATE TABLE `listacategorias` (
  `id` int(10) unsigned NOT NULL AUTO_INCREMENT,
  `nombre` varchar(45) DEFAULT NULL,
  PRIMARY KEY (`id`)
) ENGINE=InnoDB AUTO_INCREMENT=5 DEFAULT CHARSET=latin1;
/*!40101 SET character_set_client = @saved_cs_client */;

--
-- Dumping data for table `listacategorias`
--

LOCK TABLES `listacategorias` WRITE;
/*!40000 ALTER TABLE `listacategorias` DISABLE KEYS */;
INSERT INTO `listacategorias` VALUES (2,'facil'),(3,'carnes'),(4,'pescados');
/*!40000 ALTER TABLE `listacategorias` ENABLE KEYS */;
UNLOCK TABLES;

--
-- Table structure for table `categorias`
--

DROP TABLE IF EXISTS `categorias`;
/*!40101 SET @saved_cs_client     = @@character_set_client */;
/*!40101 SET character_set_client = utf8 */;
CREATE TABLE `categorias` (
  `receta_id` int(10) unsigned DEFAULT NULL,
  `categorias_id` int(10) unsigned DEFAULT NULL,
  KEY `receta_id` (`receta_id`),
  KEY `categorias_id` (`categorias_id`),
  CONSTRAINT `categorias_ibfk_1` FOREIGN KEY (`receta_id`) REFERENCES `recetas` (`id`) ON DELETE CASCADE,
  CONSTRAINT `categorias_ibfk_2` FOREIGN KEY (`categorias_id`) REFERENCES `listacategorias` (`id`) ON DELETE CASCADE
) ENGINE=InnoDB DEFAULT CHARSET=latin1;
/*!40101 SET character_set_client = @saved_cs_client */;

--
-- Dumping data for table `categorias`
--

LOCK TABLES `categorias` WRITE;
/*!40000 ALTER TABLE `categorias` DISABLE KEYS */;
INSERT INTO `categorias` VALUES (2,2),(2,3),(2,4),(3,2),(3,3),(4,2),(5,2),(5,3),(5,4),(6,3),(6,4),(7,2),(8,3),(8,4),(9,4),(10,4),(16,2),(16,3),(16,4),(2,2),(2,4),(18,4);
/*!40000 ALTER TABLE `categorias` ENABLE KEYS */;
UNLOCK TABLES;

--
-- Table structure for table `fotos`
--

DROP TABLE IF EXISTS `fotos`;
/*!40101 SET @saved_cs_client     = @@character_set_client */;
/*!40101 SET character_set_client = utf8 */;
CREATE TABLE `fotos` (
  `id` int(10) unsigned NOT NULL AUTO_INCREMENT,
  `idreceta` int(10) unsigned DEFAULT NULL,
  `fichero` varchar(200) DEFAULT NULL,
  PRIMARY KEY (`id`),
  KEY `idreceta` (`idreceta`),
  CONSTRAINT `fotos_ibfk_1` FOREIGN KEY (`idreceta`) REFERENCES `recetas` (`id`) ON DELETE CASCADE
) ENGINE=InnoDB AUTO_INCREMENT=27 DEFAULT CHARSET=latin1;
/*!40101 SET character_set_client = @saved_cs_client */;

--
-- Dumping data for table `fotos`
--

LOCK TABLES `fotos` WRITE;
/*!40000 ALTER TABLE `fotos` DISABLE KEYS */;
INSERT INTO `fotos` VALUES (1,9,'View/img/5ee20538909963.97646311.jpg'),(2,9,'View/img/5ee2053892d1e6.81338255.jpg'),(3,NULL,'View/img/5ee206955e9a12.78506294.jpg'),(4,NULL,'View/img/5ee20695617397.78683397.jpg'),(5,NULL,'View/img/5ee209d2b07ba6.02509389.jpg'),(6,NULL,'View/img/5ee209d2b1a129.66023674.jpg'),(7,11,'View/img/5ee20a0b840c06.02073169.jpg'),(8,11,'View/img/5ee20a0b853362.72860453.jpg'),(9,12,'View/img/5ee20ab782e946.57147130.jpg'),(10,12,'View/img/5ee20ab783dfd4.86303365.jpg'),(11,13,'View/img/5ee20b4b1b6346.30890690.jpg'),(12,13,'View/img/5ee20b4b1c4107.10743004.jpg'),(13,13,'View/img/5ee20b4b1d33a6.68620857.jpg'),(14,14,'View/img/5ee20c4ed45db7.49795052.jpg'),(15,14,'View/img/5ee20c4ed52466.37894837.jpg'),(16,15,'View/img/5ee2100f03a147.19636177.jpg'),(17,15,'View/img/5ee2100f04a083.78434268.jpg'),(18,2,'View/img/5ee21205a6eac5.94810541.png'),(19,2,'View/img/5ee21205a7e340.62734410.png'),(20,2,'View/img/5ee21205a9ff33.70681366.png'),(21,2,'View/img/5ee21205ac0dc6.75406575.png'),(22,2,'View/img/5ee21205ae2451.81532241.png'),(23,2,'View/img/5ee21205b45a14.59471525.png'),(24,2,'View/img/5ee21205b660f4.39085024.png'),(25,2,'View/img/5ee21205b86a26.70073704.png'),(26,18,'View/img/5ee2359045d372.34572623.png');
/*!40000 ALTER TABLE `fotos` ENABLE KEYS */;
UNLOCK TABLES;

--
-- Table structure for table `log`
--

DROP TABLE IF EXISTS `log`;
/*!40101 SET @saved_cs_client     = @@character_set_client */;
/*!40101 SET character_set_client = utf8 */;
CREATE TABLE `log` (
  `id` int(10) unsigned NOT NULL AUTO_INCREMENT,
  `fecha` datetime DEFAULT NULL,
  `descripcion` varchar(200) DEFAULT NULL,
  PRIMARY KEY (`id`)
) ENGINE=InnoDB AUTO_INCREMENT=91 DEFAULT CHARSET=latin1;
/*!40101 SET character_set_client = @saved_cs_client */;

--
-- Dumping data for table `log`
--

LOCK TABLES `log` WRITE;
/*!40000 ALTER TABLE `log` DISABLE KEYS */;
INSERT INTO `log` VALUES (1,'2020-06-06 00:33:42','El usuario v@v@gmail.com accede al sistema'),(2,'2020-06-06 00:34:02','El usuario v@v@gmail.com accede al sistema'),(3,'2020-06-06 00:34:18','El usuario @ sale del sistema'),(4,'2020-06-06 00:34:19','El usuario v@v@gmail.com accede al sistema'),(5,'2020-06-06 00:34:25','El usuario v@v@gmail.com sale del sistema'),(6,'2020-06-06 00:34:31','El usuario v@v@gmail.com accede al sistema'),(7,'2020-06-06 00:34:34','El usuario v@v@gmail.com sale del sistema'),(8,'2020-06-06 00:35:17','El usuario Victor@victor@gmail.com accede al sistema'),(9,'2020-06-06 00:40:19','El usuario Victor Peralta (victor@gmail.com) accede al sistema'),(10,'2020-06-06 00:40:52','El usuario Victor Peralta (victor@gmail.com) sale del sistema'),(11,'2020-06-06 00:41:21','El usuario Fran  (fran@gmail.com) ha sido registrado en el sistema'),(12,'2020-06-06 00:42:21','El usuario Fran Heredia (fran@gmail.com) ha sido registrado en el sistema'),(13,'2020-06-06 00:43:00','El usuario Fran Heredia (fran@gmail.com) ha sido registrado en el sistema'),(14,'2020-06-06 00:43:17','El usuario Fran Heredia (fran@gmail.com) accede al sistema'),(15,'2020-06-06 00:43:21','El usuario Fran Heredia (fran@gmail.com) sale del sistema'),(16,'2020-06-06 01:00:44','El usuario   () sale del sistema'),(17,'2020-06-06 01:00:54','El usuario   () accede al sistema'),(18,'2020-06-06 01:01:47','El usuario   () sale del sistema'),(19,'2020-06-06 01:01:54','El usuario   () accede al sistema'),(20,'2020-06-06 01:02:04','El usuario   () sale del sistema'),(21,'2020-06-06 01:02:08','El usuario Victor Peralta (victor@gmail.com) accede al sistema'),(22,'2020-06-06 01:02:11','El usuario Victor Peralta (victor@gmail.com) sale del sistema'),(23,'2020-06-06 01:02:32','El usuario   () accede al sistema'),(24,'2020-06-06 01:03:17','Intento de acceso a la cuenta vic32131231tor@gmail.com desde la IP 10.0.2.2'),(25,'2020-06-06 01:03:18','El usuario   () sale del sistema'),(26,'2020-06-06 21:28:22','El usuario Victor Peralta (victor@gmail.com) accede al sistema'),(27,'2020-06-06 22:20:57','El usuario Victor Peralta (victor@gmail.com) accede al sistema'),(28,'2020-06-09 17:38:22','El usuario Victor Peralta (victor@gmail.com) accede al sistema'),(29,'2020-06-10 14:22:39','El usuario Victor Peralta (victor@gmail.com) accede al sistema'),(30,'2020-06-10 15:19:26','El usuario Victor Peralta (victor@gmail.com) accede al sistema'),(31,'2020-06-10 17:37:53','El usuario Victor Peralta (victor@gmail.com) sale del sistema'),(32,'2020-06-10 17:37:59','El usuario v vv (v@gmail.com) accede al sistema'),(33,'2020-06-10 18:12:56','El usuario v vv (v@gmail.com) sale del sistema'),(34,'2020-06-10 18:13:22','El usuario   () sale del sistema'),(35,'2020-06-10 18:13:29','El usuario Victor Peralta (victor@gmail.com) accede al sistema'),(36,'2020-06-10 18:13:45','El usuario Victor Peralta (victor@gmail.com) sale del sistema'),(37,'2020-06-10 18:13:48','El usuario v vv (v@gmail.com) accede al sistema'),(38,'2020-06-10 18:14:11','El usuario v vv (v@gmail.com) accede al sistema'),(39,'2020-06-10 18:14:14','El usuario v vv (v@gmail.com) sale del sistema'),(40,'2020-06-10 18:14:17','El usuario Victor Peralta (victor@gmail.com) accede al sistema'),(41,'2020-06-10 18:14:20','El usuario Victor Peralta (victor@gmail.com) accede al sistema'),(42,'2020-06-10 18:14:29','El usuario Victor Peralta (victor@gmail.com) sale del sistema'),(43,'2020-06-10 18:14:32','El usuario v vv (v@gmail.com) accede al sistema'),(44,'2020-06-10 18:14:39','El usuario v vv (v@gmail.com) sale del sistema'),(45,'2020-06-10 18:19:14','El usuario   () sale del sistema'),(46,'2020-06-10 18:38:35','El usuario v vv (v@gmail.com) accede al sistema'),(47,'2020-06-10 18:43:18','El usuario v vv (v@gmail.com) sale del sistema'),(48,'2020-06-10 18:43:21','El usuario   () sale del sistema'),(49,'2020-06-10 18:43:21','El usuario   () sale del sistema'),(50,'2020-06-10 18:43:22','El usuario   () sale del sistema'),(51,'2020-06-10 18:43:22','El usuario   () sale del sistema'),(52,'2020-06-10 18:43:22','El usuario   () sale del sistema'),(53,'2020-06-10 18:43:25','El usuario   () sale del sistema'),(54,'2020-06-10 18:43:56','El usuario v vv (v@gmail.com) accede al sistema'),(55,'2020-06-10 18:43:57','El usuario v vv (v@gmail.com) sale del sistema'),(56,'2020-06-10 18:43:58','El usuario v vv (v@gmail.com) accede al sistema'),(57,'2020-06-10 18:43:59','El usuario v vv (v@gmail.com) sale del sistema'),(58,'2020-06-10 18:44:00','El usuario v vv (v@gmail.com) accede al sistema'),(59,'2020-06-10 18:44:01','El usuario v vv (v@gmail.com) sale del sistema'),(60,'2020-06-10 18:44:02','El usuario v vv (v@gmail.com) accede al sistema'),(61,'2020-06-10 18:44:03','El usuario v vv (v@gmail.com) sale del sistema'),(62,'2020-06-10 18:44:03','El usuario v vv (v@gmail.com) accede al sistema'),(63,'2020-06-10 18:44:04','El usuario v vv (v@gmail.com) sale del sistema'),(64,'2020-06-10 18:44:05','El usuario v vv (v@gmail.com) accede al sistema'),(65,'2020-06-10 18:44:08','El usuario v vv (v@gmail.com) sale del sistema'),(66,'2020-06-10 18:44:09','El usuario v vv (v@gmail.com) accede al sistema'),(67,'2020-06-10 18:44:10','El usuario v vv (v@gmail.com) sale del sistema'),(68,'2020-06-10 18:44:29','El usuario Victor Peralta (victor@gmail.com) accede al sistema'),(69,'2020-06-10 19:27:52','El usuario Victor Peralta (victor@gmail.com) accede al sistema'),(70,'2020-06-10 19:31:59','El usuario Victor Peralta (victor@gmail.com) sale del sistema'),(71,'2020-06-10 19:32:01','El usuario v vv (v@gmail.com) accede al sistema'),(72,'2020-06-10 19:32:05','El usuario v vv (v@gmail.com) sale del sistema'),(73,'2020-06-10 19:32:56','El usuario v vv (v@gmail.com) accede al sistema'),(74,'2020-06-10 19:32:59','El usuario v vv (v@gmail.com) sale del sistema'),(75,'2020-06-10 19:33:01','El usuario v vv (v@gmail.com) accede al sistema'),(76,'2020-06-10 21:57:10','El usuario v vv (v@gmail.com) sale del sistema'),(77,'2020-06-10 21:57:19','El usuario v vv (v@gmail.com) accede al sistema'),(78,'2020-06-10 21:59:06','El usuario v vv (v@gmail.com) sale del sistema'),(79,'2020-06-10 21:59:07','El usuario v vv (v@gmail.com) accede al sistema'),(80,'2020-06-10 21:59:08','El usuario v vv (v@gmail.com) sale del sistema'),(81,'2020-06-10 21:59:09','El usuario v vv (v@gmail.com) accede al sistema'),(82,'2020-06-10 21:59:10','El usuario v vv (v@gmail.com) sale del sistema'),(83,'2020-06-10 21:59:13','El usuario v vv (v@gmail.com) accede al sistema'),(84,'2020-06-10 22:05:30','El usuario v vv (v@gmail.com) sale del sistema'),(85,'2020-06-10 22:05:34','El usuario Victor Peralta (victor@gmail.com) accede al sistema'),(86,'2020-06-10 23:21:44','El usuario Victor Peralta (victor@gmail.com) sale del sistema'),(87,'2020-06-10 23:24:48','El usuario   () sale del sistema'),(88,'2020-06-10 23:24:48','El usuario Victor Peralta (victor@gmail.com) accede al sistema'),(89,'2020-06-11 09:55:24','El usuario Victor Peralta (victor@gmail.com) accede al sistema'),(90,'2020-06-11 13:45:21','El usuario Victor Peralta (victor@gmail.com) accede al sistema');
/*!40000 ALTER TABLE `log` ENABLE KEYS */;
UNLOCK TABLES;

--
-- Table structure for table `valoraciones`
--

DROP TABLE IF EXISTS `valoraciones`;
/*!40101 SET @saved_cs_client     = @@character_set_client */;
/*!40101 SET character_set_client = utf8 */;
CREATE TABLE `valoraciones` (
  `id` int(10) unsigned NOT NULL AUTO_INCREMENT,
  `idreceta` int(10) unsigned DEFAULT NULL,
  `idusuario` int(10) unsigned DEFAULT NULL,
  `valoracion` tinyint(4) DEFAULT NULL,
  PRIMARY KEY (`id`),
  KEY `idreceta` (`idreceta`),
  KEY `idusuario` (`idusuario`),
  CONSTRAINT `valoraciones_ibfk_1` FOREIGN KEY (`idreceta`) REFERENCES `recetas` (`id`) ON DELETE CASCADE, 
  CONSTRAINT `valoraciones_ibfk_2` FOREIGN KEY (`idusuario`) REFERENCES `usuarios` (`id`) ON DELETE CASCADE
) ENGINE=InnoDB DEFAULT CHARSET=latin1;
/*!40101 SET character_set_client = @saved_cs_client */;

--
-- Dumping data for table `valoraciones`
--

LOCK TABLES `valoraciones` WRITE;
/*!40000 ALTER TABLE `valoraciones` DISABLE KEYS */;
/*!40000 ALTER TABLE `valoraciones` ENABLE KEYS */;
UNLOCK TABLES;

--
-- Table structure for table `comentarios`
--

DROP TABLE IF EXISTS `comentarios`;
/*!40101 SET @saved_cs_client     = @@character_set_client */;
/*!40101 SET character_set_client = utf8 */;
CREATE TABLE `comentarios` (
  `id` int(10) unsigned NOT NULL AUTO_INCREMENT,
  `idreceta` int(10) unsigned DEFAULT NULL,
  `idusuario` int(10) unsigned DEFAULT NULL,
  `comentario` text,
  `fecha` datetime DEFAULT NULL,
  PRIMARY KEY (`id`),
  KEY `idreceta` (`idreceta`),
  KEY `idusuario` (`idusuario`),
  CONSTRAINT `comentarios_ibfk_1` FOREIGN KEY (`idreceta`) REFERENCES `recetas` (`id`) ON DELETE CASCADE,
  CONSTRAINT `comentarios_ibfk_2` FOREIGN KEY (`idusuario`) REFERENCES `usuarios` (`id`)ON DELETE CASCADE
) ENGINE=InnoDB DEFAULT CHARSET=latin1;
/*!40101 SET character_set_client = @saved_cs_client */;

--
-- Dumping data for table `comentarios`
--

LOCK TABLES `comentarios` WRITE;
/*!40000 ALTER TABLE `comentarios` DISABLE KEYS */;
/*!40000 ALTER TABLE `comentarios` ENABLE KEYS */;
UNLOCK TABLES;
/*!40103 SET TIME_ZONE=@OLD_TIME_ZONE */;

/*!40101 SET SQL_MODE=@OLD_SQL_MODE */;
/*!40014 SET FOREIGN_KEY_CHECKS=@OLD_FOREIGN_KEY_CHECKS */;
/*!40014 SET UNIQUE_CHECKS=@OLD_UNIQUE_CHECKS */;
/*!40101 SET CHARACTER_SET_CLIENT=@OLD_CHARACTER_SET_CLIENT */;
/*!40101 SET CHARACTER_SET_RESULTS=@OLD_CHARACTER_SET_RESULTS */;
/*!40101 SET COLLATION_CONNECTION=@OLD_COLLATION_CONNECTION */;
/*!40111 SET SQL_NOTES=@OLD_SQL_NOTES */;

-- Dump completed on 2020-06-11 14:11:34
